nama,hari
ABD,Selasa
ABD,Kamis
AWP,Rabu
AWP,Senin
AWP,Sabtu
AWP,Jumat
AWP,Kamis
AWP,Selasa
GUS,Sabtu
GUS,Jumat
GUS,Senin
GUS,Selasa
GUS,Kamis
GUS,Rabu
BRI,Senin
BRI,Jumat
BRI,Rabu
BRI,Kamis
AMG,Rabu
AMG,Selasa
AMG,Sabtu
AMG,Kamis
AMG,Jumat
EZI,Rabu
EZI,Senin
EZI,Selasa
EZI,Kamis
EZI,Jumat
EZI,Sabtu
LIP,Jumat
LIP,Senin
LIP,Selasa
LIP,Kamis
LIP,Sabtu
AKA,Kamis
AKA,Jumat
AKA,Senin
AKA,Rabu
ALY,Rabu
ALY,Sabtu
ALY,Kamis
ALL,Senin
ALL,Kamis
ALL,Jumat
ALV,Kamis
ALV,Jumat
ALV,Sabtu
ALV,Senin
AZA,Selasa
AZA,Sabtu
AZA,Rabu
AZA,Senin
AZA,Kamis
AZA,Jumat
AWR,Jumat
AWR,Sabtu
AWR,Selasa
AWR,Kamis
AWR,Rabu
AWR,Senin
ARF,Rabu
ARF,Senin
WGG,Selasa
WGG,Senin
WGG,Jumat
WGG,Kamis
WGG,Rabu
THI,Selasa
THI,Rabu
THI,Sabtu
THI,Senin
THI,Kamis
LLY,Selasa
LLY,Rabu
LLY,Sabtu
LLY,Jumat
LLY,Senin
LLY,Kamis
BDP,Rabu
BDP,Kamis
EZL,Rabu
EZL,Selasa
EZL,Senin
EZL,Kamis
DNR,Jumat
DNR,Senin
DNR,Rabu
DNR,Sabtu
DNR,Kamis
DAR,Rabu
DAR,Senin
DAR,Jumat
DPR,Rabu
DPR,Senin
DPR,Jumat
DPR,Sabtu
DPR,Kamis
TAN,Senin
TAN,Rabu
DEY,Senin
DEY,Kamis
DHY,Sabtu
DHY,Kamis
DHY,Rabu
DHY,Senin
DHY,Selasa
MAS,Kamis
MAS,Jumat
MAS,Senin
VAN,Jumat
VAN,Senin
VAN,Rabu
VAN,Sabtu
VAN,Selasa
VAN,Kamis
FLL,Kamis
FLL,Selasa
FLL,Sabtu
IAN,Jumat
IAN,Kamis
IAN,Sabtu
IAN,Senin
IAN,Rabu
IAN,Selasa
RIN,Rabu
RIN,Jumat
RIN,Selasa
RIN,Senin
SOH,Jumat
SOH,Rabu
SOH,Senin
SOH,Sabtu
SOH,Selasa
SOH,Kamis
GAA,Jumat
GAA,Selasa
GAA,Rabu
GAA,Kamis
NNY,Kamis
NNY,Rabu
OIL,Rabu
OIL,Selasa
OIL,Senin
OIL,Sabtu
BIB,Jumat
BIB,Senin
BIB,Rabu
JAY,Senin
JAY,Kamis
JAY,Rabu
JAY,Jumat
JAY,Sabtu
JAY,Selasa
VIS,Kamis
VIS,Sabtu
JIN,Sabtu
JIN,Jumat
JIN,Kamis
JIN,Selasa
JIN,Rabu
JFT,Jumat
JFT,Kamis
JFT,Selasa
JFT,Senin
JFT,Sabtu
JFT,Rabu
TIP,Jumat
TIP,Rabu
TIP,Kamis
TIP,Sabtu
TIP,Selasa
MNS,Sabtu
MNS,Kamis
MNS,Selasa
MNS,Jumat
MNS,Senin
MYC,Selasa
MYC,Kamis
MYC,Senin
MYC,Jumat
MYC,Rabu
MYC,Sabtu
MZY,Jumat
MZY,Senin
MZY,Kamis
MZY,Sabtu
MZY,Selasa
EON,Senin
EON,Selasa
EON,Rabu
EON,Jumat
EON,Kamis
FAN,Kamis
FAN,Selasa
FAN,Jumat
FYN,Rabu
FYN,Selasa
MAI,Rabu
MAI,Jumat
MAI,Selasa
BHL,Kamis
BHL,Sabtu
BHL,Rabu
BHL,Selasa
ONE,Sabtu
ONE,Senin
ONE,Kamis
ONE,Selasa
ONE,Rabu
ONE,Jumat
ALF,Rabu
ALF,Senin
AAA,Senin
AAA,Selasa
AAA,Kamis
AAA,Sabtu
AAA,Jumat
AAA,Rabu
WAM,Sabtu
WAM,Jumat
WAM,Rabu
WAM,Selasa
WAM,Senin
PER,Selasa
PER,Kamis
PER,Sabtu
PER,Rabu
PER,Senin
PER,Jumat
MIQ,Kamis
MIQ,Senin
MIQ,Selasa
NST,Kamis
NST,Sabtu
NST,Jumat
NST,Senin
CLA,Sabtu
CLA,Jumat
CLA,Rabu
CLA,Kamis
CLA,Senin
CLA,Selasa
REN,Rabu
REN,Senin
XCX,Kamis
XCX,Sabtu
XCX,Senin
XCX,Selasa
HAN,Kamis
HAN,Jumat
HAN,Sabtu
HAN,Rabu
HAN,Selasa
REZ,Sabtu
REZ,Rabu
REZ,Kamis
REZ,Senin
REZ,Selasa
RAM,Jumat
RAM,Selasa
BIL,Sabtu
BIL,Kamis
BIL,Selasa
BIL,Rabu
BIL,Senin
BIL,Jumat
NFB,Sabtu
NFB,Rabu
NFB,Kamis
NFB,Selasa
NFB,Jumat
NFB,Senin
NTR,Senin
NTR,Rabu
NTR,Sabtu
NTR,Selasa
RAR,Jumat
RAR,Selasa
RAR,Sabtu
RAR,Senin
RAR,Kamis
RAR,Rabu
CYN,Selasa
CYN,Sabtu
CYN,Kamis
OTU,Kamis
OTU,Sabtu
OTU,Selasa
FAZ,Kamis
FAZ,Senin
FAZ,Rabu
FAZ,Selasa
FAZ,Sabtu
FAZ,Jumat
NAB,Selasa
NAB,Kamis
RKH,Selasa
RKH,Jumat
RKH,Rabu
RKH,Sabtu
RKH,Senin
RKH,Kamis
RHN,Rabu
RHN,Kamis
RHN,Senin
RHN,Selasa
RHN,Jumat
RHN,Sabtu
RAD,Jumat
RAD,Kamis
OYA,Jumat
OYA,Rabu
OYA,Kamis
OYA,Selasa
OYA,Sabtu
NOA,Selasa
NOA,Sabtu
NOA,Senin
NOA,Kamis
RAP,Selasa
RAP,Rabu
RAP,Jumat
RAP,Sabtu
RAP,Senin
REY,Sabtu
REY,Jumat
IKI,Sabtu
IKI,Rabu
IKI,Kamis
IKI,Jumat
RIS,Selasa
RIS,Rabu
RIS,Jumat
RIZ,Sabtu
RIZ,Jumat
RIZ,Senin
RIZ,Rabu
ARC,Kamis
ARC,Jumat
ARC,Senin
ARC,Sabtu
ARC,Selasa
ARC,Rabu
LIM,Rabu
LIM,Jumat
QIA,Jumat
QIA,Selasa
QIA,Senin
LEX,Rabu
LEX,Jumat
TAL,Kamis
TAL,Jumat
TAL,Rabu
TAL,Senin
TAL,Selasa
TAL,Sabtu
TGH,Sabtu
TGH,Selasa
CEN,Sabtu
CEN,Rabu
CEN,Kamis
CEN,Jumat
CEN,Selasa
TNT,Sabtu
TNT,Kamis
TNT,Jumat
VIN,Jumat
VIN,Selasa
VIN,Kamis
VIN,Rabu
WNA,Selasa
WNA,Senin
WNA,Rabu
JHS,Jumat
JHS,Sabtu
JHS,Kamis
JHS,Selasa
ZAQ,Sabtu
ZAQ,Jumat
ZAQ,Selasa




